res_type,category,Facility_ID,City_Name,State_Province,Country,Address_Line,Postal_Code,Latitude,Longitude,Phone_Number,Email,Website,Operating_Hours,Year_Built,Available_dates
infrastructure,govt,MRT-GH-001,Meerut,Uttar Pradesh,India,"Rajban Bazar, Meerut Cantt",,29.002789,77.69923,0121-2643400,,,08:00-08:00 (23 hrs 59 min slot),,2026-10-10;2026-10-11;2026-10-12;2026-10-13;2026-10-14;2026-10-15;2026-10-16;2026-10-17;2026-10-18;2026-10-19;2026-10-20;2026-10-21;2026-10-22;2026-10-23;2026-10-24;2026-10-25;2026-10-26;2026-10-27;2026-10-28;2026-10-29;2026-10-30;2026-10-31;2026-11-01
infrastructure,govt,MRT-GH-002,Meerut,Uttar Pradesh,India,"Rajban Bazar, Meerut Cantt",,29.0009836,77.6979535,0121-2643400,,,08:00-08:00 (23 hrs 59 min slot),,2026-10-10;2026-10-11;2026-10-12;2026-10-13;2026-10-14;2026-10-15;2026-10-16;2026-10-17;2026-10-18;2026-10-19;2026-10-20;2026-10-21;2026-10-22;2026-10-23;2026-10-24;2026-10-25;2026-10-26;2026-10-27;2026-10-28;2026-10-29;2026-10-30;2026-10-31;2026-11-01
infrastructure,govt,MRT-GH-003,Meerut,Uttar Pradesh,India,"RA Bazar, Meerut Cantt",,29.0038039,77.7221674,0121-2643400,,,08:00-08:00 (23 hrs 59 min slot),,2026-10-10;2026-10-11;2026-10-12;2026-10-13;2026-10-14;2026-10-15;2026-10-16;2026-10-17;2026-10-18;2026-10-19;2026-10-20;2026-10-21;2026-10-22;2026-10-23;2026-10-24;2026-10-25;2026-10-26;2026-10-27;2026-10-28;2026-10-29;2026-10-30;2026-10-31;2026-11-01
infrastructure,govt,DEL-BG-001,Delhi,Delhi,India,"Village Mehram Nagar, Delhi Cantt",,28.564143,77.12349,011-25695450,,,10:00-10:00 (23 hrs 59 min slot),,2026-10-10;2026-10-11;2026-10-12;2026-10-13;2026-10-14;2026-10-15;2026-10-16;2026-10-17;2026-10-18;2026-10-19;2026-10-20;2026-10-21;2026-10-22;2026-10-23;2026-10-24;2026-10-25;2026-10-26;2026-10-27;2026-10-28;2026-10-29;2026-10-30;2026-10-31;2026-11-01
infrastructure,govt,DEL-BG-002,Delhi,Delhi,India,"Village Jharera, Delhi Cantt",,28.5802044,77.1378208,011-25695450,,,10:00-10:00 (23 hrs 59 min slot),,2026-10-10;2026-10-11;2026-10-12;2026-10-13;2026-10-14;2026-10-15;2026-10-17;2026-10-18;2026-10-19;2026-10-20;2026-10-22;2026-10-23;2026-10-25;2026-10-26;2026-10-27;2026-10-28;2026-10-29;2026-10-30;2026-10-31;2026-11-01
infrastructure,govt,DEL-BG-003,Delhi,Delhi,India,"Village Old Nangai, Delhi Cantt",,28.605519,77.115316,011-25695450,,,10:00-10:00 (23 hrs 59 min slot),,2026-10-10;2026-10-11;2026-10-12;2026-10-13;2026-10-14;2026-10-15;2026-10-16;2026-10-17;2026-10-18;2026-10-19;2026-10-20;2026-10-21;2026-10-22;2026-10-23;2026-10-25;2026-10-26;2026-10-27;2026-10-28;2026-10-29;2026-10-30;2026-10-31;2026-11-01
infrastructure,govt,DEL-BG-004,Delhi,Delhi,India,"Shastri Bazar, Delhi Cantt",,28.5978913,77.1322511,011-25695450,,,10:00-10:00 (23 hrs 59 min slot),,2026-10-10;2026-10-11;2026-10-12;2026-10-13;2026-10-14;2026-10-15;2026-10-17;2026-10-18;2026-10-19;2026-10-20;2026-10-21;2026-10-22;2026-10-23;2026-10-24;2026-10-26;2026-10-27;2026-10-28;2026-10-29;2026-10-30;2026-10-31;2026-11-01
infrastructure,govt,DEL-BG-005,Delhi,Delhi,India,"Sadar Bazar, Delhi Cantt",,28.5934095,77.1195994,011-25695450,,,10:00-10:00 (23 hrs 59 min slot),,2026-10-10;2026-10-11;2026-10-12;2026-10-13;2026-10-14;2026-10-15;2026-10-16;2026-10-18;2026-10-19;2026-10-20;2026-10-21;2026-10-22;2026-10-23;2026-10-24;2026-10-25;2026-10-26;2026-10-27;2026-10-28;2026-10-29;2026-10-30;2026-10-31
infrastructure,govt,DEL-GR-001,Delhi,Delhi,India,"Sadar Bazar, Delhi Cantt",,28.5926723,77.1196247,011-25695450,,,10:00-10:00 (23 hrs 59 min slot),,2026-10-10;2026-10-21;2026-10-22;2026-10-23;2026-10-24;2026-10-25;2026-10-26;2026-10-27;2026-10-28;2026-10-29;2026-10-30;2026-10-31;2026-11-01

infrastructure,govt,DEL-GR-001,Delhi,Delhi,India,"Sadar Bazar, Delhi Cantt",,28.5926723,77.1196247,011-25695450,,,10:00-10:00 (23 hrs 59 min slot),,2026-10-10;2026-10-21;2026-10-22;2026-10-23;2026-10-24;2026-10-25;2026-10-26;2026-10-27;2026-10-28;2026-10-29;2026-10-30;2026-10-31;2026-11-01
infrastructure,govt,DEL-ABG-002,Delhi,Delhi,India,"Sadar Bazar, Delhi Cantt",,28.5934095,77.1195994,011-25695450,,,10:00-10:00 (23 hrs 59 min slot),,2026-10-16;2026-10-31;2026-11-01
infrastructure,govt,DEL-DGP1-003,Delhi,Delhi,India,"Sadar Bazar, Delhi Cantt",,28.5926723,77.1196247,011-25695450,,,10:00-10:00 (23 hrs 59 min slot),,2026-10-10;2026-10-11;2026-10-12;2026-10-13;2026-10-14;2026-10-15;2026-10-16;2026-10-17;2026-10-18;2026-10-19;2026-10-20
infrastructure,govt,DEL-DGP2-004,Delhi,Delhi,India,"Sadar Bazar, Delhi Cantt",,28.5926723,77.1196247,011-25695450,,,10:00-10:00 (23 hrs 59 min slot),,2026-10-11;2026-10-12;2026-10-13;2026-10-14;2026-10-15;2026-10-16;2026-10-17;2026-10-18;2026-10-19;2026-10-20
infrastructure,govt,DEL-DAV-005,Delhi,Delhi,India,"Sadar Bazar, Delhi Cantt",,28.5963200,77.1217700,011-25695450,,,10:00-10:00 (23 hrs 59 min slot),,
infrastructure,govt,DEL-JM-006,Delhi,Delhi,India,"Sadar Bazar, Delhi Cantt",,28.5940600,77.1204390,011-25695450,,,10:00-10:00 (23 hrs 59 min slot),,
infrastructure,govt,DEL-MSG-007,Delhi,Delhi,India,"Sadar Bazar, Delhi Cantt",,28.5952360,77.1217380,011-25695450,,,10:00-10:00 (23 hrs 59 min slot),,